Acquisition Date,Publish Date,Orbit,Platform
2026-10-04,2026-10-07,22,S2C
2026-10-05,2026-10-08,8,S2A
2026-10-05,2026-10-08,108,S2B
2026-10-06,2026-10-09,22,S2A
2026-10-07,2026-10-10,65,S2C
2026-10-08,2026-10-11,8,S2B
2026-10-09,2026-10-12,22,S2B
2026-10-09,2026-10-12,65,S2A
2026-10-10,2026-10-13,108,S2C
2026-10-12,2026-10-15,65,S2B
2026-10-12,2026-10-15,108,S2A
2026-10-13,2026-10-16,8,S2C
2026-10-14,2026-10-17,22,S2C
2026-10-15,2026-10-18,8,S2A
2026-10-16,2026-10-19,22,S2A
2026-10-17,2026-10-20,65,S2C
2026-10-19,2026-10-22,65,S2A
