Acquisition Date,Publish Date,Orbit,Platform
2025-04-16,2025-04-19,8,S2B
2025-04-17,2025-04-20,22,S2B
2025-04-17,2025-04-20,65,S2A
2025-04-18,2025-04-21,108,S2C
2025-04-20,2025-04-23,65,S2B
2025-04-20,2025-04-23,108,S2A
2025-04-21,2025-04-24,8,S2C
2025-04-22,2025-04-25,22,S2C
2025-04-23,2025-04-26,108,S2B
2025-04-25,2025-04-28,65,S2C
2025-04-26,2025-04-29,8,S2B
2025-04-27,2025-04-30,22,S2B
2025-04-28,2025-05-01,108,S2C
2025-05-01,2025-05-04,8,S2C
2025-05-02,2025-05-05,22,S2C
2025-05-05,2025-05-08,65,S2C
